peytoncoffee,someday i'll get it - Alek Olsen,4.3M,26.1K,217.7K,,[],2024-04-14 01:30:42.308473,https://www.tiktok.com/@peytoncoffee/video/7348628226312326442?is_from_webapp=1&sender_device=pc&web_id=7357590685674145285
aexpectos,original sound - ‚Äçmay,32.5K,2328,4345,,"['#fyp', '#aftereffects', '#videostar', '#alightmotion', '#funimate', '#nodevideo', '#edit', '#editor']",2024-04-14 01:30:44.348351,https://www.tiktok.com/@aexpectos/video/7328964855006842144?is_from_webapp=1&sender_device=pc&web_id=7357590685674145285
carodaur,original sound - Carodaur,892.1K,17.1K,52.7K,,['#weregermans'],2024-04-14 01:30:45.959560,https://www.tiktok.com/@carodaur/video/7343333621446495521?is_from_webapp=1&sender_device=pc&web_id=7357590685674145285
freemanadenyeku,Restore tranquility-meditation - Red Blue Studio,450.3K,1208,34.6K,,"['#newmovies', '#trendingmovies', '#latestnigerianmovies', '#viralvideo', '#Elmighty', '#fyp„Ç∑„Çöviral', '#africanmovies2024']",2024-04-14 01:30:47.933171,https://www.tiktok.com/@freemanadenyeku/video/7345728679441403142?is_from_webapp=1&sender_device=pc&web_id=7357590685674145285
dylan.page,original sound - Dylan Page,37.9K,1114,3689,,[],2024-04-14 01:30:49.639469,https://www.tiktok.com/@dylan.page/video/7357477824623562016?is_from_webapp=1&sender_device=pc&web_id=7357590685674145285
dereklipp_,original sound - Derek Lipp,145K,576,6174,,"['#grandma', '#babysitting', '#son']",2024-04-14 01:30:51.192034,https://www.tiktok.com/@dereklipp_/video/7357482766197411115?is_from_webapp=1&sender_device=pc&web_id=7357590685674145285
cantina.app,original sound - cantina.app,5M,29.6K,521.9K,,"['#corecore', '#mensmentalhealth', '#real']",2024-04-14 01:30:52.733325,https://www.tiktok.com/@cantina.app/video/7343296080785739041?is_from_webapp=1&sender_device=pc&web_id=7357590685674145285
germanquizzes,German Song - Come,86.7K,833,21.4K,,"['#germanquiz', '#learngerman', '#german', '#easygerman', '#germanlessons']",2024-04-14 01:30:54.295933,https://www.tiktok.com/@germanquizzes/video/7341137448677739808?is_from_webapp=1&sender_device=pc&web_id=7357590685674145285
desi.desamito,original sound - desi,241.9K,828,20.5K,,"['@Austin', '#austinanddesi', '#couplecomedy', '#drivethru']",2024-04-14 01:30:55.860821,https://www.tiktok.com/@desi.desamito/video/7353291735386033451?is_from_webapp=1&sender_device=pc&web_id=7357590685674145285
fuckyunomiles,Yuno Miles Light up Skechers - Yunomiles,4.2M,27.6K,473.9K,,"['#fyp„Ç∑', '#fyp„Ç∑„Çöviral', '#fyppppppppppppppppppppppp', '#fypdong', '#foryou', '#sounds', '#sound', '#foryoupage', '#skechers', '#blow', '#skechers', '#lightup', '#youtube', '#viral', '#youtube', '#upnext', '#upcoming', '#artist', '#music', '#funny', '#funnymoments', '#moments']",2024-04-14 01:31:01.801120,https://www.tiktok.com/@fuckyunomiles/video/7329548811440000302?is_from_webapp=1&sender_device=pc&web_id=7357590685674145285
just4purpose0,original sound - Just4Purpose,2M,12.5K,272.9K,"['#motivation', '#mentality', '#inspiration', '#selfimprovement', '#real', '#success']",2024-04-14 01:38:40.258052,https://www.tiktok.com/@just4purpose0/video/7348855714502233376?is_from_webapp=1&sender_device=pc&web_id=7357592746154018309
texty.stories.daily,3 am walk - Slowed & Reverb Version - daniel.mp3,1.2M,15.9K,163.1K,"['@RIZZ APP', '#rizz', '#rizzapp', '#storytime', '#sadstory', '#texts', '#redditstories', '#minecraftparkour']",2024-04-14 01:38:42.401293,https://www.tiktok.com/@texty.stories.daily/video/7337652954406718753?is_from_webapp=1&sender_device=pc&web_id=7357592746154018309
leventgeiger,original sound - Levent Geiger,1.4M,30.7K,153.5K,"['#mashup', '#singing', '#fyp']",2024-04-14 01:38:44.327540,https://www.tiktok.com/@leventgeiger/video/7328848683338927393?is_from_webapp=1&sender_device=pc&web_id=7357592746154018309
timingtho,original sound - Teacher Tim,13.2K,577,2188,"['#test', '#school', '#teacher', '#professor', '#grading', '#correction', '#asmr', '#usa']",2024-04-14 01:38:46.315846,https://www.tiktok.com/@timingtho/video/7354840216039034158?is_from_webapp=1&sender_device=pc&web_id=7357592746154018309
cybrdyne,original sound - cybrdyne,182.9K,5604,18.3K,['#TikTok'],2024-04-14 01:38:49.707432,https://www.tiktok.com/@cybrdyne/video/7330761798989172000?is_from_webapp=1&sender_device=pc&web_id=7357592746154018309
blindateuk,original sound - Blindatepop üéà,19.7K,788,1502,"['#blinddate', '#poptheballoon', '#perfectmatch', '#dating', '#date', '#findlove']",2024-04-14 01:38:52.511840,https://www.tiktok.com/@blindateuk/video/7356316013287197984?is_from_webapp=1&sender_device=pc&web_id=7357592746154018309
xosarmiento,I'd Rather Overdose - HONESTAV,3.8M,38K,131.4K,"['#addictionawareness', '#icantletyougo', '#faith', '#jesussaves', '#keeploving', '#keeppushing', '#keeppraying', '#amen']",2024-04-14 01:38:55.307389,https://www.tiktok.com/@xosarmiento/video/7328883294978739487?is_from_webapp=1&sender_device=pc&web_id=7357592746154018309
theverycoolgrandpa,original sound - Cool Grandpaüë¥üèº,3.7M,33.8K,472.2K,"['#fyp', '#grandpa', '#joke', '#fypisbroken', '#joke', '#comedy', '#jokes', '#relatable', '#fyp„Ç∑„Çöviral', '#funny']",2024-04-14 01:38:57.271450,https://www.tiktok.com/@theverycoolgrandpa/video/7330727297772784939?is_from_webapp=1&sender_device=pc&web_id=7357592746154018309
ben.voicee,Originalton - Musicüéß,1M,10.7K,98.5K,"['#thevoicekids', '#thevoice', '#music', '#song', '#fyp', '#fyp„Ç∑', '#fy', '#foryoupage', '#foryou', '#viral']",2024-04-14 01:38:58.936435,https://www.tiktok.com/@ben.voicee/video/7349484802149567776?is_from_webapp=1&sender_device=pc&web_id=7357592746154018309
winta_zesu,original sound - Winta Zesu,588.5K,3178,26.6K,"['#serviceindustry', '#nycrestaurant', '#aprilfools', '#nycgirl']",2024-04-14 01:39:00.684730,https://www.tiktok.com/@winta_zesu/video/7353099173002104107?is_from_webapp=1&sender_device=pc&web_id=7357592746154018309
