yeahmadmedia,original sound - Yeah Mad,145.7K,161,9505,"['#charades', '#dadjokesoftheday', '#dadjokes', '#dadjoke', '#youlaughyoulose', '#dadjokesfordays', '#comedyvideo', '#fyp', '#jokes', '#comedyvideo', '#charades', '#comedys', '#funny', '#foryoupage', '#funnyvideos', '#reddit', '#redditreadings', '#redditstories', '#reddit_tiktok', '#amitheawhole', '#funnyvideo', '#redditstorytime']",2024-04-14 02:33:43.332705,https://www.tiktok.com/@yeahmadmedia/video/7324948379073645855?is_from_webapp=1&sender_device=pc&web_id=7357606003972736518
sophiehesri12_,original sound - Sophie,274.2K,1484,38.2K,"['#fyp„Ç∑', '#foryoupage', '#viral', '#fyppppppppppppppppppppppp', '#sophie', '#Makeup', '#Money']",2024-04-14 02:55:33.989506,https://www.tiktok.com/@sophiehesri12_/video/7355020006452989189?is_from_webapp=1&sender_device=pc&web_id=7357612385891730950
imnothae,Treacherous - LAZER DIM 700,5568,300,644,['#greenscreen'],2024-04-14 03:02:41.138357,https://www.tiktok.com/@imnothae/video/7355597192536640811?is_from_webapp=1&sender_device=pc&web_id=7357614128201270789
santanatgc,original sound - ‚ú™ SANTANA ‚ú™,121.2K,10.8K,7586,"['#fyp', '#fyp„Ç∑', '#foryou']",2024-04-14 03:08:00.690574,https://www.tiktok.com/@santanatgc/video/7348164584219430187?is_from_webapp=1&sender_device=pc&web_id=7357615729481270790
mumeixxx,Eternxlkz SLAY - Ôº•Ôº¥Ôº•Ôº≤ÔºÆÔº∏Ôº¨Ôº´Ôº∫,116.5K,2917,17K,[],2024-04-14 03:46:32.547862,https://www.tiktok.com/@mumeixxx/video/7355820287117626631?is_from_webapp=1&sender_device=pc&web_id=7357625363042616838
romain.dgv,son original - Romain,11.5K,67,882,"['#fyp', '#viral', '#rizz']",2024-04-14 04:01:43.260488,https://www.tiktok.com/@romain.dgv/video/7354794489950637344?is_from_webapp=1&sender_device=pc&web_id=7357628678928336390
ejaycruzz,original sound - Ejay,648.6K,1946,70.8K,"['#fyp', '#viral', '#mog', '#rizz']",2024-04-14 21:11:29.444638,https://www.tiktok.com/@ejaycruzz/video/7341266141748235562?is_from_webapp=1&sender_device=pc&web_id=7357894102564750854
romain.dgv,son original - Romain,25.3K,186,2065,"['#fyp', '#viral', '#rizz']",2024-04-14 21:24:31.361351,https://www.tiktok.com/@romain.dgv/video/7331047905765166368?is_from_webapp=1&sender_device=pc&web_id=7357898279155254789
wolfseye777,original sound - Funny?¬ø,5.1M,13.5K,434.7K,['#911'],2024-04-14 21:55:20.874749,https://www.tiktok.com/@wolfseye777/video/7334068723717868832?is_from_webapp=1&sender_device=pc&web_id=7357905823631623686
nickatnightttt_,original sound - NickAtNightt Gaming üéÆ,714.6K,4902,55.8K,"['#supermarketsimulator', '#gaming', '#gamingontiktok', '#funny', '#fyp']",2024-04-14 21:57:03.680746,https://www.tiktok.com/@nickatnightttt_/video/7343806411198975274?is_from_webapp=1&sender_device=pc&web_id=7357905823631623686
ethan.stee1e,original sound - Ethan Steele,1.1M,2193,96.4K,"['#ethan_stee1e', '#fyp', '#relatable']",2024-04-14 23:32:58.154138,https://www.tiktok.com/@ethan.stee1e/video/7329618758622874913?is_from_webapp=1&sender_device=pc&web_id=7357931279881176582
meeynara,som original - edits_apple_,446.6K,2623,63.4K,[],2024-04-14 23:34:58.266616,https://www.tiktok.com/@meeynara/video/7351096864961514754?is_from_webapp=1&sender_device=pc&web_id=7357931279881176582
meeynara,–æ—Ä–∏–≥–∏–Ω–∞–ª—å–Ω—ã–π –∑–≤—É–∫ - ü§ç|‚Ä¢ùöúùöôùöéùöéùöç ùöúùöòùöóùöêùöú‚Ä¢|ü§ç,2.3M,39.5K,314.3K,[],2024-04-14 23:36:28.449077,https://www.tiktok.com/@meeynara/video/7333549223238978836?is_from_webapp=1&sender_device=pc&web_id=7357931279881176582
tyler.kenard.0_0,original sound - frutiger aero fen12324,201,11,35,[],2024-04-25 13:46:05.426005,https://www.tiktok.com/@tyler.kenard.0_0/video/7359712829621964037?is_from_webapp=1&sender_device=pc&web_id=7361862072055858693
taylormakesvideos,original sound - Taylor Watson,44.5K,3552,72.6K,"['#cooking', '#diy', '#recipe', '#yum', '#kitchen']",2024-04-25 13:46:09.358337,https://www.tiktok.com/@taylormakesvideos/video/7344855484752579883?is_from_webapp=1&sender_device=pc&web_id=7361862072055858693
timingtho,original sound - Teacher Tim,557.4K,13.3K,78.1K,"['#test', '#school', '#teacher', '#professor', '#grading', '#correction', '#usa', '#asmr']",2024-04-25 13:46:13.010769,https://www.tiktok.com/@timingtho/video/7349646186845850922?is_from_webapp=1&sender_device=pc&web_id=7361862072055858693
steph_who___,Barbaras Rhabarberbar - Bodo Wartke & Marti Fischer,1.4M,6090,102.3K,"['#babara', '#BarbarasRhabarberbar', '#dance', '#theatrekids', '#theatre', '#theatretok', '#batboy', '#musicaltheatre', '#stephwho', '#dannce', '#stephgraham', '#babaradance']",2024-04-25 13:46:18.034317,https://www.tiktok.com/@steph_who___/video/7352423462889082113?is_from_webapp=1&sender_device=pc&web_id=7361862072055858693
jackdoherty,original sound - Jack Doherty,16.3K,287,1356,"['@mckinley richardson', '#jackdoherty']",2024-04-25 13:46:21.818028,https://www.tiktok.com/@jackdoherty/video/7351837922905247022?is_from_webapp=1&sender_device=pc&web_id=7361862072055858693
tr3ywavy,original sound - Fortnite Official,42.1K,21.2K,7391,['#tr3ywavy'],2024-04-25 13:46:24.673627,https://www.tiktok.com/@tr3ywavy/video/7355286952599440683?is_from_webapp=1&sender_device=pc&web_id=7361862072055858693
griffmass,original sound - Griffin,1.5M,5561,144.1K,[],2024-04-25 13:46:27.564047,https://www.tiktok.com/@griffmass/video/7343357993532116255?is_from_webapp=1&sender_device=pc&web_id=7361862072055858693
ariannitalagringa,original sound - Ariannita la gringa ‚ù§Ô∏è,261K,3764,15.2K,"['#ariannitalagringa', '#holasoyariannita', '#ingles', '#aprende', '#ingl√©s', '#learnenglish', '#english', '#inglesonline', '#englishteacher', '#mexico', '#venezuela', '#colombia', '#argentina', '#chile', '#espa√±a', '#Brasil', '#inglesfluido', '#Peru', '#aprenderinglesrapido', '#englishgrammar']",2024-04-25 13:46:31.703946,https://www.tiktok.com/@ariannitalagringa/video/7348536241119350059?is_from_webapp=1&sender_device=pc&web_id=7361862072055858693
abatman._,original sound - SpongeBobüßΩ,19.4K,309,1383,"['#brainteasers', '#test', '#quiz', '#mindgames']",2024-04-25 13:46:34.631231,https://www.tiktok.com/@abatman._/video/7355859913836350762?is_from_webapp=1&sender_device=pc&web_id=7361862072055858693
initials.by.me,original sound - z,6097,326,1240,"['#initials', '#blowthisup', '#viral']",2024-04-25 13:46:37.485867,https://www.tiktok.com/@initials.by.me/video/7350590266178358529?is_from_webapp=1&sender_device=pc&web_id=7361862072055858693
mr.mctiktok,original sound - Kevin McClintock,215.1K,8851,26.9K,"['#mrmctiktok', '#teacher', '#students', '#sigma']",2024-04-25 13:46:40.333781,https://www.tiktok.com/@mr.mctiktok/video/7335977279765433630?is_from_webapp=1&sender_device=pc&web_id=7361862072055858693
angelazz_xx,JAEYUN - margaa,459,24,71,[],2024-04-25 13:46:43.213884,https://www.tiktok.com/@angelazz_xx/video/7358619455775083781?is_from_webapp=1&sender_device=pc&web_id=7361862072055858693
.sam.and.colbys.version,original sound - silver,147,4,19,"['#Meme', '#MemeCut', '#CapCut', '#fyp', '@Colby Brock', '@Tarayummy', '@Sam and Colby', '@Sam Golbach', '@Jake Webber']",2024-04-25 13:46:47.125538,https://www.tiktok.com/@.sam.and.colbys.version/video/7359151086533446918?is_from_webapp=1&sender_device=pc&web_id=7361862072055858693
ltsmikaylacampinos,original sound - ngakakbangett,448.8K,2020,41.2K,"['#fyp', '#relatable']",2024-04-25 13:46:50.564870,https://www.tiktok.com/@ltsmikaylacampinos/video/7358181454548978987?is_from_webapp=1&sender_device=pc&web_id=7361862072055858693
preppyxxpop,–æ—Ä–∏–≥—ñ–Ω–∞–ª—å–Ω–∏–π –∑–≤—É–∫ - spotify_songüéß,83.6K,14.3K,25.1K,"['#preppy', '#skincare', '#fyp', '#xyzbca']",2024-04-25 13:46:53.882153,https://www.tiktok.com/@preppyxxpop/video/7351073473365593376?is_from_webapp=1&sender_device=pc&web_id=7361862072055858693
beasteater,Never Lose Me - Flo Milli,91.9K,190,3215,[],2024-04-25 13:46:56.949007,https://www.tiktok.com/@beasteater/video/7329065608509787438?is_from_webapp=1&sender_device=pc&web_id=7361862072055858693
b.smi1,Like That! - Laila!,1.2M,3948,58.6K,[],2024-04-25 13:47:00.355693,https://www.tiktok.com/@b.smi1/video/7360016256801508641?is_from_webapp=1&sender_device=pc&web_id=7361862072055858693
hilmicanss,suara asli - Ajat,888.9K,9655,72.2K,"['#fyp', '#foryou', '#foryoupage', '#harvard', '#college', '#collegedecision', '#ivyleague', '#ivy']",2024-04-25 13:47:03.611921,https://www.tiktok.com/@hilmicanss/video/7352512876399152389?is_from_webapp=1&sender_device=pc&web_id=7361862072055858693
ivanpaniagua52,original sound - ivan paniagua,52.7K,186,6380,['@Omarnutro'],2024-04-25 13:47:06.994132,https://www.tiktok.com/@ivanpaniagua52/video/7355919310285540654?is_from_webapp=1&sender_device=pc&web_id=7361862072055858693
nutterbuttergear,original sound - Nutter Butter,9025,555,2459,"['@Alex St Louis', '#burger', '#kitchenhacks', '#kitchengadgets', '#fyp„Ç∑']",2024-04-25 13:47:10.575480,https://www.tiktok.com/@nutterbuttergear/video/7332588412366703877?is_from_webapp=1&sender_device=pc&web_id=7361862072055858693
_angelomarasigan,original sound - Angelo,2.4M,22.8K,387.8K,"['#trynottocringe', '#viralchallenges', '#funchallenges', '#siblingduo', '#siblingduos', '#comedytrending']",2024-04-25 13:47:13.530459,https://www.tiktok.com/@_angelomarasigan/video/7337282749880995080?is_from_webapp=1&sender_device=pc&web_id=7361862072055858693
toenailclipper9696,original sound - :),341.1K,595,40.8K,[],2024-04-25 13:47:16.361923,https://www.tiktok.com/@toenailclipper9696/video/7345344186671074565?is_from_webapp=1&sender_device=pc&web_id=7361862072055858693
englishbygiovana,original sound - English by Giovana,75K,248,11.7K,"['#english', '#englishtips', '#englishteacher', '#learnenglish']",2024-04-25 13:47:19.851667,https://www.tiktok.com/@englishbygiovana/video/7348074577743973638?is_from_webapp=1&sender_device=pc&web_id=7361862072055858693
oilersobic,original sound - RENO 911!,5769,44,251,"['@Columbus River Dragons', '#obic', '#edmontonoilers', '#oilers', '#fyp', '#foryoupage', '#foryou', '#viral', '#dance', '#trend', '#edmonton', '#funny', '#comedy']",2024-04-25 13:47:23.902807,https://www.tiktok.com/@oilersobic/video/7342601657785617669?is_from_webapp=1&sender_device=pc&web_id=7361862072055858693
skz7634,original sound - üíöüêçüíõü¶°Samantha‚ù§Ô∏èü¶Åüíôü¶Ö,208,5,27,['#CapCut'],2024-04-25 13:47:26.677925,https://www.tiktok.com/@skz7634/video/7358241681738681605?is_from_webapp=1&sender_device=pc&web_id=7361862072055858693
kirstensautistic,Breakin dishes - Music‚Äô‚òÖ,331,10,42,[],2024-04-25 13:47:29.482330,https://www.tiktok.com/@kirstensautistic/video/7360159944668171538?is_from_webapp=1&sender_device=pc&web_id=7361862072055858693
missbuunnyy,original sound - Missbuunnyy,66.1K,3735,11.9K,"['#fyp', '#foryoupage', '#fy', '#fyp„Ç∑„Çöviral', '#fyp„ÉÑ', '#fypage', '#foryou', '#teacher', '#viral', '#viralvideo']",2024-04-25 13:47:33.552025,https://www.tiktok.com/@missbuunnyy/video/7360185072181333294?is_from_webapp=1&sender_device=pc&web_id=7361862072055858693
emmablog0,·¥á·¥†·¥á Ä è·¥õ ú…™…¥…¢ …™ ·¥°·¥Ä…¥·¥õ·¥á·¥Ö - ‚öù,836.2K,10.9K,51.4K,[],2024-04-25 13:47:36.502216,https://www.tiktok.com/@emmablog0/video/7355446913036061960?is_from_webapp=1&sender_device=pc&web_id=7361862072055858693
heartmatters__,love in the dark - :),98.6K,323,14K,"['#foryou', '#Relationship', '#Love', '#breakup', '#heartbroken', '#healing', '#heartbreak', '#ex', '#pain']",2024-04-25 13:47:46.270094,https://www.tiktok.com/@heartmatters__/video/7357406425733401902?is_from_webapp=1&sender_device=pc&web_id=7361862072055858693
hyoga.x,desperado x need to know II by altegomusic - ALT√âGO,3.9M,23.9K,352.5K,"['#couplegoals', '#couplehumor', '#fyp„Ç∑']",2024-04-25 13:47:50.887838,https://www.tiktok.com/@hyoga.x/video/7357785653553253664?is_from_webapp=1&sender_device=pc&web_id=7361862072055858693
imcocolemonxoxo,the way i are - üé∏ü™©,50.4K,201,8803,"['#fit', '#fitcheck', '#fittok', '#fashion', '#outfits', '#fashiontiktok', '#outfitideas', '#easter', '#multiaverso', '#prank', '#in', '#to', '#fyp„Ç∑']",2024-04-25 13:47:55.388657,https://www.tiktok.com/@imcocolemonxoxo/video/7352977733380721966?is_from_webapp=1&sender_device=pc&web_id=7361862072055858693
livebyrules,original sound - lqki,421.5K,6578,72.6K,"['#fyp', '#foryou', '#trending', '#goviral', '#her', '#love', '#howhardifellforyou', '#relatable', '#blowup']",2024-04-25 13:47:59.692415,https://www.tiktok.com/@livebyrules/video/7331852476829666593?is_from_webapp=1&sender_device=pc&web_id=7361862072055858693
thelaybankz,Tell Ur Girlfriend - Lay Bankz,1.2M,4860,110.5K,[],2024-04-25 13:48:05.111315,https://www.tiktok.com/@thelaybankz/video/7332960634893585710?is_from_webapp=1&sender_device=pc&web_id=7361862072055858693
freelif3.4l,original sound - Haley üåô | aemkniqht,29.4K,595,2074,['#wok'],2024-04-25 13:48:09.495704,https://www.tiktok.com/@freelif3.4l/video/7342203687114378502?is_from_webapp=1&sender_device=pc&web_id=7361862072055858693
ivanpaniagua52,original sound - ivan paniagua,130.6K,742,18K,"['#fyp', '@Omarnutro']",2024-04-25 13:48:13.733116,https://www.tiktok.com/@ivanpaniagua52/video/7354576337757130026?is_from_webapp=1&sender_device=pc&web_id=7361862072055858693
shared_account110,original sound - üèùU.x.O‚ú®,40.6K,1577,8588,"['#CapCut', '#fy', '#fyp', '#bestiesforever', '#uxobesties', '#trend', '#trend', '#bestfriend', '#foru', '#lov', '#love', '#besties', '#brideyandjiny', '#CapCut', '@üèùutai‚ú®', '@ü™ê ·¥∂œÖœÅŒπ∆ö“Ω…æ ! ‚ú¶¬∞ üêæ', '@‚òÖ  Ä·¥Ä…¥·¥Ö·¥è·¥ç ·¥Ä·¥Ñ·¥Ñ·¥è·¥ú…¥·¥õ !! ü§øü••üê¨', '@Bridey Drake', '@Jiny Maeng']",2024-04-25 13:48:19.391641,https://www.tiktok.com/@shared_account110/video/7352434976807226640?is_from_webapp=1&sender_device=pc&web_id=7361862072055858693
ajp8180,original sound - Katie & Nitro,78,9,2,"['#prom', '#bestfriend', '#seniors', '#fyp']",2024-04-25 13:48:23.644041,https://www.tiktok.com/@ajp8180/video/7357494667237166379?is_from_webapp=1&sender_device=pc&web_id=7361862072055858693
ayla_themini_dachshund,"Nathy Peluso: Bzrp Music Sessions, Vol. 36 - Bizarrap & Nathy Peluso",3M,14.2K,264.9K,"['#ayla', '#mini', '#minidachshund', '#minidachshunds', '#dachshund', '#dachshunds', '#doxie', '#doxies', '#weiner', '#weinerdog', '#weinerpuppy', '#sauage', '#sauagedog', '#sausagepuppy', '#princessdog', '#cutepuppy', '#dog', '#pup', '#puppylove', '#tranding', '#viralvideo', '#viraltiktok', '#viralvideo', '#viralvideos', '#foryou', '#foryoupage', '#foryourpage', '#fy', '#fyp', '#fyp„Ç∑']",2024-04-25 13:48:29.409510,https://www.tiktok.com/@ayla_themini_dachshund/video/7345408060682292498?is_from_webapp=1&sender_device=pc&web_id=7361862072055858693
lala_sadii,original sound - ùê©ùê°ùê´ùêûùê•ùê•.,137.5K,2257,15.1K,"['@Mony14', '@Sari']",2024-04-25 13:48:34.053112,https://www.tiktok.com/@lala_sadii/video/7352388976231353646?is_from_webapp=1&sender_device=pc&web_id=7361862072055858693
elsiesmellsiee,original sound - OFF‚Ñ¢,525.6K,3398,73.5K,['#fyp'],2024-04-25 13:48:38.493682,https://www.tiktok.com/@elsiesmellsiee/video/7355673630182739242?is_from_webapp=1&sender_device=pc&web_id=7361862072055858693
chainsfrcore,original sound - ChainsFr,26K,130,4255,"['#chainsfr', '#chainsfrcore', '#fy', '#fyp']",2024-04-25 13:48:42.789227,https://www.tiktok.com/@chainsfrcore/video/7353258088272579873?is_from_webapp=1&sender_device=pc&web_id=7361862072055858693
ohhping,blue hair - ‚òÜ,14.3K,5615,1403,"['#fyp', '#lasvegasohhping', '#blowthisupforme', '#xyzbcafyp„Ç∑', '#ohhping', '#utahohhping', '#memeohhping', '#utah', '#dailymemes', '#onlymemes', '#memesrandom', '#memetok', '#memesüòÇ', '#stgeorgeutah', '#memestiktoküòÇüòÇ', '#meme', '#memegod', '#relatablememes', '#greenscreensticker']",2024-04-25 13:48:48.639026,https://www.tiktok.com/@ohhping/video/7348141013514554670?is_from_webapp=1&sender_device=pc&web_id=7361862072055858693
.len_x,original sound - ùïÉ . ùîº . ‚Ñï .,39.3K,349,3588,"['@Loubna Katalin Abdal', '#alien', '#dadjokes', '#badjokes', '#funny', '#video']",2024-04-25 13:48:53.195411,https://www.tiktok.com/@.len_x/video/7347841725320252704?is_from_webapp=1&sender_device=pc&web_id=7361862072055858693
riodiors,original sound - Rio‚úùÔ∏è,610.7K,4088,85.1K,"['#fyp', '#viral', '#xyzbca', '#foryou', '#foryoupage', '#relatable']",2024-04-25 13:48:57.508817,https://www.tiktok.com/@riodiors/video/7338683374162267425?is_from_webapp=1&sender_device=pc&web_id=7361862072055858693
123idk677,original sound - Angellic Trends,971.8K,5626,90.8K,['#foryoupage'],2024-04-25 13:49:02.277388,https://www.tiktok.com/@123idk677/video/7339131515722288417?is_from_webapp=1&sender_device=pc&web_id=7361862072055858693
loganmicke,original sound - Logan Micke,38.2K,223,2091,['@Gianna White'],2024-04-25 13:49:06.792205,https://www.tiktok.com/@loganmicke/video/7337107680273763626?is_from_webapp=1&sender_device=pc&web_id=7361862072055858693
totallynottayso,PAIDNFULL - LUCKI,1.2M,5475,304.9K,"['#fyp', '#viral', '#funny', '#voiceover', '#minions']",2024-04-25 13:49:12.045133,https://www.tiktok.com/@totallynottayso/video/7330821028379135274?is_from_webapp=1&sender_device=pc&web_id=7361862072055858693
nidal_officiall,Hey im NidalWonder - NidalWonder,97.4K,1942,15K,"['#vira', '#foryou', '#nidal', '#üíã', '#forever']",2024-04-25 13:49:16.533689,https://www.tiktok.com/@nidal_officiall/video/7350343575906962721?is_from_webapp=1&sender_device=pc&web_id=7361862072055858693
callcorbinteam,original sound - Corbin,59K,739,3895,"['#funnymemes', '#funnyvideo', '#fun', '#realestate', '#realtor', '#bc', '#vancouver', '#Alberta', '#Calgary', '#florida', '#newsmyrnabeach', '#edgewater', '#glencoe', '#daytonabeach']",2024-04-25 13:49:22.191772,https://www.tiktok.com/@callcorbinteam/video/7339371403659005189?is_from_webapp=1&sender_device=pc&web_id=7361862072055858693
glamowave,Pretty (Sped Up) - MEYY,410.3K,2247,17.9K,"['#hairgadget', '#hairbraider', '#daughter', '#hairtools', '#hair']",2024-04-25 13:49:26.451900,https://www.tiktok.com/@glamowave/video/7332115613663366433?is_from_webapp=1&sender_device=pc&web_id=7361862072055858693
tpendergrass23,original sound - Tpendergrass23,4.6M,43.4K,311.6K,"['#fyp', '#blow', '#this', '#up', '#viral', '#track', '#field']",2024-04-25 13:49:30.603109,https://www.tiktok.com/@tpendergrass23/video/7354818318777306414?is_from_webapp=1&sender_device=pc&web_id=7361862072055858693
notneyyow,_iqueepjl on insta - kaka. üëª,11M,37.4K,967.1K,[],2024-04-25 13:49:34.845452,https://www.tiktok.com/@notneyyow/video/7339581434392366341?is_from_webapp=1&sender_device=pc&web_id=7361862072055858693
kxrpz,original sound - Rizz Remix,1.3M,13.8K,228.4K,"['#travisscott', '#edit', '#fein', '#meme', '#skibidi', '#brainrot', '#kaicenat', '#fanumtax', '#mrbeast', '#lol', '#fyp', '#viral', '#zyxcba']",2024-04-25 13:49:40.144887,https://www.tiktok.com/@kxrpz/video/7352024457768160545?is_from_webapp=1&sender_device=pc&web_id=7361862072055858693
nightjbp84b,original sound - Laura‚ú®,162.6K,590,15.9K,[],2024-04-25 13:49:44.510010,https://www.tiktok.com/@nightjbp84b/video/7335943864512990496?is_from_webapp=1&sender_device=pc&web_id=7361862072055858693
thesupercole,A Bar Song (Tipsy) - Shaboozey,1.2M,2562,47.4K,[],2024-04-25 13:49:47.712903,https://www.tiktok.com/@thesupercole/video/7360423449661033758?is_from_webapp=1&sender_device=pc&web_id=7361862072055858693
theonewithnondad,original sound - shio,1412,46,107,['#fyp'],2024-04-25 13:50:02.867107,https://www.tiktok.com/@theonewithnondad/video/7357479699548835078?is_from_webapp=1&sender_device=pc&web_id=7361862072055858693
midnightm1a,original sound - Ryane Roy,4642,40,935,"['#aerie', '#foryou', '#dance']",2024-04-25 13:50:11.722120,https://www.tiktok.com/@midnightm1a/video/7357110193890659590?is_from_webapp=1&sender_device=pc&web_id=7361862072055858693
superwvg,original sound - Superwog üíØ,781.8K,2918,110K,['#superwvg'],2024-04-25 13:50:20.947117,https://www.tiktok.com/@superwvg/video/7347617200716516654?is_from_webapp=1&sender_device=pc&web_id=7361862072055858693
looooooooch,CARNIVAL - ùñàùñÜùñóùñôùñîùñìùñëùñÜùñìùñâ‚ùî,2M,28.4K,115.8K,['#Inverted'],2024-04-25 13:50:30.197430,https://www.tiktok.com/@looooooooch/video/7347228114419830018?is_from_webapp=1&sender_device=pc&web_id=7361862072055858693
divinezay,original sound - ·∂ú  ∞ À° À° À£ ·µâ ·µà ‚Å± ·µó À¢,4M,19.7K,344.6K,[],2024-04-25 13:50:39.299404,https://www.tiktok.com/@divinezay/video/7332361383998246186?is_from_webapp=1&sender_device=pc&web_id=7361862072055858693
hdgamingg,original sound - GTA MEMES,75,19,7,"['#gta', '#funny', '#greengang4life', '#gtav', '#gta6', '#memes', '#fyp', '#fyp„Ç∑„Çöviral']",2024-04-25 13:50:46.534619,https://www.tiktok.com/@hdgamingg/video/7357102665198734598?is_from_webapp=1&sender_device=pc&web_id=7361862072055858693
princessthugerella,original sound - revo,484.6K,4106,72.1K,[],2024-04-25 13:50:50.443550,https://www.tiktok.com/@princessthugerella/video/7342322713681333510?is_from_webapp=1&sender_device=pc&web_id=7361862072055858693
frostie014,Eyes Closed - Ed Sheeran,66.4K,2699,8199,"['#EdSheeran', '#dancingwitheyesclosed']",2024-04-25 13:50:56.440934,https://www.tiktok.com/@frostie014/video/7332885547947527456?is_from_webapp=1&sender_device=pc&web_id=7361862072055858693
_flossinator_,original sound - YeGigglesaurus,975.7K,6085,148.2K,"['#fortnite', '#meme', '#lilmabu', '#fyp„Ç∑', '#_flossinator_', '@Vexbolts', '@mabuüòá']",2024-04-25 13:51:02.327015,https://www.tiktok.com/@_flossinator_/video/7356361760640683296?is_from_webapp=1&sender_device=pc&web_id=7361862072055858693
elendrawz,original sound - HikariC,364K,183.6K,46.2K,"['@..savvy8', '#fyp', '#cat', '#pfp', '#drawing']",2024-04-25 13:51:11.494516,https://www.tiktok.com/@elendrawz/video/7341791448590798113?is_from_webapp=1&sender_device=pc&web_id=7361862072055858693
tashha_s,original sound - Tasha S,1.5M,5859,128.7K,"['#guitarcover', '#djo', '#tashha_s']",2024-04-25 13:51:20.286104,https://www.tiktok.com/@tashha_s/video/7348891206946000134?is_from_webapp=1&sender_device=pc&web_id=7361862072055858693
emilyynl,original sound - :),90.7K,445,8801,[],2024-04-25 13:51:28.890226,https://www.tiktok.com/@emilyynl/video/7331425247180131616?is_from_webapp=1&sender_device=pc&web_id=7361862072055858693
hkl0v3rrr,original sound - Sock,879.6K,5508,126.4K,[],2024-04-25 13:51:37.665359,https://www.tiktok.com/@hkl0v3rrr/video/7350125052572028202?is_from_webapp=1&sender_device=pc&web_id=7361862072055858693
pariyac,original sound - retq,113K,231,9807,"['#takemetolax', '#lululemon', '#lululemoncreator']",2024-04-25 13:51:47.613987,https://www.tiktok.com/@pariyac/video/7328566213016308998?is_from_webapp=1&sender_device=pc&web_id=7361862072055858693
kieracoconut_2.0,original sound - ellie,69.6K,313,8435,['#kieracoconut'],2024-04-25 13:51:56.847173,https://www.tiktok.com/@kieracoconut_2.0/video/7342678495421566251?is_from_webapp=1&sender_device=pc&web_id=7361862072055858693
tshamz1,Goofy ahh Coral Chorus - thatoneguy,156.9K,2282,18K,"['#uk', '#tshamz1']",2024-04-25 13:52:06.418762,https://www.tiktok.com/@tshamz1/video/7352572044409670945?is_from_webapp=1&sender_device=pc&web_id=7361862072055858693
lya13572,original sound - alyciassimp ü¶ù,416,13,34,"['#fyp', '#roblox', '#pll']",2024-04-25 13:52:15.083543,https://www.tiktok.com/@lya13572/video/7351649139416927493?is_from_webapp=1&sender_device=pc&web_id=7361862072055858693
liam.mxw,son original - ùêÑùê´ùê°ùêö,373.7K,43.2K,62.6K,['#foryou'],2024-04-25 13:52:24.484266,https://www.tiktok.com/@liam.mxw/video/7359279476326354209?is_from_webapp=1&sender_device=pc&web_id=7361862072055858693
friendlyboi,sonido original - mitsuri kanroji ‚ô•Ô∏é‚ô°,167,24,26,"['#mylastday', '#CapCut', '#viral']",2024-04-25 13:52:33.467726,https://www.tiktok.com/@friendlyboi/video/7357147657825029382?is_from_webapp=1&sender_device=pc&web_id=7361862072055858693
black.netflix.jr,Originalton - Black.Pkm,243.5K,2680,54.6K,"['#dailylife', '#relatable', '#fy', '#fyp', '#fyp„Ç∑', '#foryou', '#foryoupage']",2024-04-25 13:52:42.159578,https://www.tiktok.com/@black.netflix.jr/video/7343329532843183392?is_from_webapp=1&sender_device=pc&web_id=7361862072055858693
balschied.clan,origineel geluid - bubbels_besic,1.7M,16.9K,213.8K,"['#fyp„Ç∑', '#pov', '#fortnitememes', '#school', '#setup', '#gamingsetup']",2024-04-25 13:52:51.420365,https://www.tiktok.com/@balschied.clan/video/7345439198771514657?is_from_webapp=1&sender_device=pc&web_id=7361862072055858693
adelinehkim,Jump - Tyla & Gunna & Skillibeng,1.5M,1076,60.2K,[],2024-04-25 13:53:00.105213,https://www.tiktok.com/@adelinehkim/video/7353281815076932871?is_from_webapp=1&sender_device=pc&web_id=7361862072055858693
the.flowzxfr,stressed out - ùôáùôáùôÄüí´,438,2673,80,"['#twentyonepilots', '#fyp„Ç∑„Çöviral', '#fyp', '#viral']",2024-04-25 13:53:08.993194,https://www.tiktok.com/@the.flowzxfr/video/7352631099287260422?is_from_webapp=1&sender_device=pc&web_id=7361862072055858693
sprainedlol,original sound - üéß,194.1K,51.3K,42.9K,"['#viral', '#foryou', '#fyp', '#trending', '#quotes', '#fyp„Ç∑', '#xyzbca']",2024-04-25 13:53:17.864799,https://www.tiktok.com/@sprainedlol/video/7337846172469546271?is_from_webapp=1&sender_device=pc&web_id=7361862072055858693
papergetta,son original - FYP ü§çüá≤üá∫,145,27,25,"['#erich', '#viral']",2024-04-25 13:53:26.560021,https://www.tiktok.com/@papergetta/video/7352851287911779589?is_from_webapp=1&sender_device=pc&web_id=7361862072055858693
briannaxrenee,Ice spice audio - ÍßÅ‚ú∞ÍßÇ,104.3K,247,4831,"['#taylorswift', '#erastour', '#sabrinacarpenter', '#swifttok']",2024-04-25 13:53:35.007989,https://www.tiktok.com/@briannaxrenee/video/7342602038921923845?is_from_webapp=1&sender_device=pc&web_id=7361862072055858693
.saysayymatter,original sound - NALISH,65K,1014,12.1K,"['#foryou', '#foryoupage', '#salish', '#salishmatter', '@Salish matter', '#foru', '#4youpage']",2024-04-25 13:53:45.049198,https://www.tiktok.com/@.saysayymatter/video/7352483452027030817?is_from_webapp=1&sender_device=pc&web_id=7361862072055858693
koko836382,original sound - ü§≠,3.3M,27.5K,448.6K,"['#fpy', '#foryou', '#foryoupage', '#pookie', '#bestfriend', '#friendship', '#friends', '#relatable', '#meme', '#fpyyyyyyyyyyyyyyyyyyyyyy', '#fpyyyyyyyyy', '#foryou']",2024-04-25 13:53:55.299602,https://www.tiktok.com/@koko836382/video/7342384354062126369?is_from_webapp=1&sender_device=pc&web_id=7361862072055858693
xie.ye.lai.le,original sound - xie ye lai le,53.5K,372,6443,[],2024-04-25 13:54:00.927036,https://www.tiktok.com/@xie.ye.lai.le/video/7348803918069108010?is_from_webapp=1&sender_device=pc&web_id=7361862072055858693
